fips,PRECTOT,PS,QV2M,T2M,T2MDEW,T2MWET,T2M_MAX,T2M_MIN,T2M_RANGE,TS,WS10M,WS10M_MAX,WS10M_MIN,WS10M_RANGE,WS50M,WS50M_MAX,WS50M_MIN,WS50M_RANGE,score
1001,0.22,100.51,9.65,14.74,13.51,13.51,20.96,11.46,9.5,14.65,2.2,2.94,1.49,1.46,4.85,6.04,3.23,2.81,
1001,0.2,100.55,10.42,16.69,14.71,14.71,22.8,12.61,10.18,16.6,2.52,3.43,1.83,1.6,5.33,6.13,3.72,2.41,
1001,3.65,100.15,11.76,18.49,16.52,16.52,22.73,15.32,7.41,18.41,4.03,5.33,2.66,2.67,7.53,9.52,5.87,3.66,
1001,15.95,100.29,6.42,11.4,6.09,6.1,18.09,2.16,15.92,11.31,3.84,5.67,2.08,3.59,6.73,9.31,3.74,5.58,1.0
1001,0.0,101.15,2.95,3.86,-3.29,-3.2,10.82,-2.66,13.48,2.65,1.6,2.5,0.52,1.98,2.94,4.85,0.65,4.19,
1001,0.01,101.31,3.49,4.99,-1.11,-1.07,12.89,-2.96,15.85,3.32,1.55,2.39,0.04,2.35,2.95,5.22,0.05,5.17,
1001,0.01,101.37,3.93,5.99,0.55,0.58,14.51,0.63,13.88,5.69,2.31,3.28,1.59,1.69,5.02,6.47,2.44,4.03,
1001,1.02,100.77,5.71,8.69,5.33,5.34,15.78,2.74,13.04,8.75,2.05,2.91,1.5,1.4,4.17,5.73,2.01,3.72,
1001,16.19,99.88,11.18,15.73,15.45,15.45,19.6,10.3,9.31,15.65,3.03,3.98,2.25,1.73,5.97,7.44,4.95,2.49,
1001,21.23,99.78,7.77,13.61,9.59,9.6,17.65,7.73,9.92,13.42,3.1,5.6,1.72,3.88,6.33,10.03,4.15,5.88,
1001,1.33,100.4,6.63,11.48,7.84,7.84,18.88,5.72,13.16,10.43,1.76,2.48,1.05,1.43,3.55,6.38,1.71,4.67,2.0
1001,0.17,100.59,8.39,13.02,11.36,11.36,20.74,6.43,14.31,12.91,2.26,2.76,1.45,1.31,5.05,7.27,2.1,5.17,
1001,1.57,101.03,7.23,13.17,8.0,8.02,19.09,3.97,15.12,12.95,3.23,4.57,2.02,2.56,6.41,7.4,4.77,2.63,
1001,0.0,102.3,2.82,3.16,-3.74,-3.64,10.57,-1.56,12.14,3.13,2.74,3.71,1.78,1.93,5.32,6.72,3.6,3.12,
1001,0.04,102.05,3.37,4.11,-1.59,-1.54,13.56,-3.19,16.75,4.11,2.22,2.82,1.58,1.24,4.94,7.0,2.03,4.97,
1001,0.54,101.55,6.52,9.09,7.23,7.23,16.77,1.4,15.38,9.07,2.0,3.16,1.38,1.78,4.4,5.34,2.42,2.91,
1001,2.4,101.02,8.99,14.0,12.46,12.46,19.75,10.27,9.48,13.47,1.39,2.18,0.55,1.63,2.78,5.43,0.93,4.5,
1001,1.11,100.39,9.53,14.28,13.26,13.26,18.04,8.98,9.06,14.19,2.63,3.6,1.67,1.92,5.19,6.4,3.84,2.55,2.0
1001,1.9,99.95,6.33,9.51,6.57,6.58,15.27,4.88,10.38,9.54,2.43,4.57,1.57,3.0,4.66,8.51,2.95,5.56,
1001,0.23,100.16,3.91,6.61,-0.94,-0.84,13.25,-1.88,15.13,6.58,4.23,5.26,2.21,3.05,7.43,8.69,4.62,4.07,
1001,0.0,100.81,2.1,-0.32,-7.69,-7.44,6.78,-5.18,11.96,-0.21,2.2,3.09,1.56,1.53,4.22,5.0,3.18,1.81,
1001,8.98,100.24,4.44,4.19,1.18,1.21,10.4,-1.82,12.22,4.25,2.36,3.24,1.46,1.78,4.47,6.02,3.07,2.96,
1001,13.5,99.87,7.33,9.62,9.0,9.0,12.68,4.32,8.36,9.54,2.31,3.08,1.21,1.86,4.17,6.73,2.39,4.35,
1001,0.88,100.17,3.38,2.38,-1.76,-1.72,7.49,-3.84,11.33,2.47,3.65,4.8,2.41,2.39,6.19,7.24,4.86,2.38,
1001,0.0,100.11,2.05,-0.78,-7.93,-7.72,5.65,-5.46,11.11,-0.61,3.35,4.59,2.28,2.32,5.75,8.03,3.96,4.07,2.0
1001,0.24,100.75,1.73,-2.3,-9.76,-9.46,3.17,-5.27,8.44,-2.1,2.87,4.01,1.62,2.39,5.28,6.94,4.07,2.87,
1001,0.24,101.17,2.39,-0.14,-6.02,-5.89,7.06,-5.32,12.38,-0.03,1.9,2.75,1.41,1.35,3.85,5.76,2.34,3.41,
1001,15.58,101.22,3.52,0.61,-0.9,-0.89,2.51,-0.74,3.25,0.67,3.26,4.05,1.69,2.36,5.4,6.38,3.44,2.93,
1001,8.39,100.93,4.56,3.07,2.54,2.55,5.83,0.55,5.28,3.01,2.12,3.75,0.97,2.79,3.75,6.97,1.85,5.12,
1001,0.87,100.94,3.88,2.32,0.26,0.27,7.28,-3.16,10.44,2.31,2.27,3.41,1.27,2.14,4.28,5.77,2.19,3.58,
1001,0.0,100.94,2.81,-0.27,-3.93,-3.88,7.06,-4.75,11.81,-0.27,2.09,2.77,1.39,1.37,3.87,5.04,2.9,2.14,
1001,0.0,101.0,3.36,2.06,-1.73,-1.7,11.02,-4.21,15.23,1.88,2.03,2.74,0.88,1.86,4.18,6.38,1.27,5.11,1.0
1001,0.0,101.24,2.92,2.09,-3.42,-3.36,10.66,-4.3,14.96,1.27,2.01,2.63,1.54,1.09,3.39,4.37,2.18,2.19,
1001,0.0,100.5,3.69,4.79,-0.79,-0.74,12.86,-3.19,16.05,3.6,2.09,3.29,0.61,2.68,4.16,7.54,0.79,6.75,
1001,0.0,100.56,3.64,5.39,-0.87,-0.81,11.77,-1.32,13.09,5.4,3.26,5.03,2.04,2.99,5.99,8.35,3.17,5.18,
1001,0.0,101.42,2.76,0.78,-4.1,-4.03,8.62,-4.29,12.91,0.8,2.28,3.14,1.58,1.56,4.49,5.82,3.23,2.6,
1001,0.0,101.43,2.82,2.67,-3.96,-3.87,11.23,-4.84,16.06,1.47,1.72,2.53,0.54,1.99,2.8,4.3,0.78,3.52,
1001,0.0,101.19,3.98,6.04,0.62,0.64,13.45,0.14,13.3,4.63,1.87,2.58,0.57,2.02,3.12,5.45,0.74,4.72,
1001,0.0,101.04,5.01,8.88,3.9,3.91,17.64,2.65,14.99,8.31,1.3,2.04,0.48,1.55,2.74,5.33,0.69,4.63,1.0
1001,0.0,100.81,4.89,9.07,3.54,3.56,17.77,2.87,14.9,7.84,1.6,2.79,0.35,2.44,2.76,5.51,0.31,5.2,
1001,0.0,100.11,6.22,10.41,6.63,6.64,18.85,2.68,16.17,10.27,2.58,3.82,1.62,2.2,5.35,7.41,2.08,5.33,
1001,0.02,100.0,9.82,15.6,13.6,13.6,22.69,9.11,13.59,15.58,2.27,2.63,1.48,1.15,4.78,6.33,3.24,3.09,
1001,0.51,100.14,9.86,15.97,13.73,13.73,20.31,10.97,9.33,15.18,2.39,3.38,0.78,2.6,4.38,5.76,0.9,4.86,
1001,9.65,99.82,11.42,16.43,15.92,15.92,19.85,11.06,8.79,16.33,3.17,4.76,2.07,2.7,6.39,8.9,4.24,4.66,
1001,1.78,99.95,8.56,14.86,11.14,11.14,20.26,5.89,14.38,14.75,3.01,4.37,1.99,2.38,5.93,7.81,4.49,3.32,
1001,0.0,100.68,5.84,10.94,5.84,5.84,20.57,2.05,18.52,10.96,2.09,2.69,1.73,0.96,4.62,7.63,2.57,5.07,1.0
1001,0.06,100.73,9.23,15.05,12.68,12.68,22.71,8.44,14.27,14.47,1.46,2.24,0.73,1.51,2.93,5.53,1.2,4.34,
1001,0.54,100.72,9.38,16.29,12.77,12.77,23.36,9.82,13.53,16.33,2.25,2.67,1.64,1.03,4.41,6.22,3.13,3.09,
1001,3.48,100.42,11.71,18.6,16.48,16.48,24.24,14.17,10.07,18.58,3.08,4.47,2.06,2.41,5.88,7.35,4.47,2.88,
1001,1.96,100.83,6.52,12.11,6.66,6.67,17.0,3.23,13.77,12.14,3.35,4.2,2.43,1.78,5.81,6.67,4.42,2.25,
1001,0.0,101.46,3.86,6.01,0.34,0.37,14.55,0.08,14.48,6.16,2.42,3.25,1.86,1.4,4.83,6.51,3.89,2.62,
1001,0.02,101.49,3.98,7.58,0.67,0.71,16.83,-0.87,17.7,7.16,2.07,2.68,1.29,1.39,4.18,6.34,2.32,4.02,
1001,0.36,101.34,5.03,10.02,3.99,4.0,18.57,2.49,16.08,10.07,2.3,2.84,1.77,1.07,4.96,7.13,2.67,4.46,1.0
1001,0.0,101.12,6.92,13.44,8.34,8.35,21.43,6.6,14.82,13.47,3.03,4.21,2.18,2.03,5.82,6.71,4.33,2.38,
1001,0.0,100.99,8.57,15.34,11.74,11.74,23.54,8.58,14.97,15.32,2.43,3.54,1.69,1.85,5.09,6.47,3.15,3.32,
1001,0.0,100.75,8.92,16.13,12.37,12.37,24.16,8.87,15.28,16.06,2.72,4.24,1.74,2.5,5.66,6.81,3.51,3.3,
1001,2.16,100.62,9.73,16.71,13.58,13.58,23.83,10.17,13.66,16.68,3.19,5.03,2.0,3.04,6.18,8.34,4.39,3.95,
1001,24.8,100.67,7.55,13.67,9.5,9.5,18.77,7.03,11.74,13.68,2.65,3.42,1.69,1.73,5.1,6.63,3.29,3.34,
1001,0.0,100.94,5.19,10.5,4.33,4.35,19.33,3.78,15.55,10.22,2.32,3.4,1.36,2.04,4.48,6.04,3.08,2.96,
1001,0.01,100.71,6.52,12.61,7.49,7.49,21.52,4.27,17.25,12.61,2.3,2.9,1.45,1.45,5.09,7.64,2.1,5.54,1.0
1001,0.0,100.43,9.57,16.44,13.32,13.33,24.41,10.36,14.05,16.4,2.69,3.75,1.91,1.84,5.56,6.52,4.65,1.87,
1001,0.81,100.38,5.97,12.67,6.19,6.2,20.16,7.73,12.43,12.55,2.17,2.77,1.37,1.39,4.31,5.87,2.92,2.95,
1001,8.46,99.79,8.68,14.67,10.88,10.88,23.29,5.13,18.15,14.74,2.33,3.82,1.1,2.72,4.84,7.11,1.57,5.54,
1001,0.16,99.91,6.6,11.5,7.71,7.72,16.93,6.56,10.37,11.58,2.99,3.94,1.65,2.29,5.59,6.53,4.12,2.41,
1001,0.0,100.28,5.71,12.27,5.67,5.68,20.39,4.04,16.35,11.19,1.58,2.3,0.87,1.43,2.61,4.34,1.16,3.18,
1001,0.0,100.65,5.65,16.37,5.51,5.53,23.91,5.84,18.07,13.11,1.17,2.46,0.34,2.12,1.8,4.51,0.43,4.08,
1001,0.0,100.79,7.48,16.81,9.47,9.47,25.15,9.89,15.27,15.49,2.03,2.51,1.45,1.06,3.96,6.92,1.84,5.07,1.0
1001,0.0,100.49,8.54,16.48,11.61,11.61,24.79,8.54,16.25,16.32,2.21,2.95,1.47,1.47,4.48,7.02,2.29,4.73,
1001,3.96,100.23,11.75,18.94,16.44,16.44,25.28,12.06,13.22,18.79,2.23,3.65,1.14,2.51,4.47,5.88,2.34,3.53,
1001,16.73,100.15,13.04,19.69,18.16,18.16,23.35,16.87,6.49,19.67,2.13,2.94,1.53,1.41,4.46,5.83,2.66,3.17,
1001,6.02,100.0,9.07,14.82,11.35,11.35,21.19,3.96,17.22,14.75,3.98,5.57,2.39,3.18,7.08,9.04,5.44,3.6,
1001,0.0,100.86,3.38,5.91,-1.61,-1.54,13.81,0.14,13.66,6.13,2.96,3.83,1.9,1.93,5.6,6.66,4.64,2.02,
1001,1.03,101.0,3.71,8.47,-0.26,-0.21,17.11,-1.17,18.28,7.39,1.47,2.43,0.59,1.84,2.78,5.32,0.82,4.5,
1001,0.02,100.8,5.34,11.24,4.62,4.63,20.26,2.84,17.41,11.19,2.33,3.04,1.58,1.46,4.87,7.29,1.99,5.3,1.4905
1001,1.51,100.47,8.32,14.64,11.05,11.05,21.17,8.3,12.87,14.65,2.67,3.75,1.62,2.13,5.45,6.9,4.07,2.83,
1001,10.13,99.89,11.32,16.76,15.79,15.79,20.85,13.83,7.02,16.67,2.81,4.26,1.98,2.28,5.52,7.22,4.51,2.71,
1001,0.88,100.53,7.31,14.12,9.28,9.29,21.49,8.55,12.94,14.19,2.57,3.42,1.92,1.49,4.97,6.34,3.95,2.4,
1001,5.09,100.61,6.76,12.64,7.95,7.95,20.13,7.2,12.93,12.76,3.56,4.52,2.2,2.32,6.23,7.71,5.08,2.63,
1001,47.52,99.71,9.05,12.86,12.16,12.16,17.65,8.15,9.5,12.81,3.85,5.22,1.37,3.85,6.65,8.68,3.38,5.3,
1001,1.01,100.01,6.32,10.77,7.15,7.15,17.39,6.47,10.92,10.64,2.09,2.59,1.35,1.24,3.81,5.25,3.17,2.08,
1001,0.17,100.66,6.89,12.81,8.32,8.32,21.18,3.91,17.28,12.87,1.81,2.03,1.14,0.88,3.9,5.55,1.55,4.0,1.5019
1001,0.74,100.78,8.2,15.54,11.03,11.04,24.27,8.49,15.78,15.56,1.86,2.33,0.95,1.38,4.18,6.68,1.39,5.29,
1001,0.0,100.67,8.26,15.85,11.14,11.14,23.79,9.1,14.69,15.74,2.28,3.72,1.32,2.41,4.6,6.68,2.46,4.23,
1001,0.03,100.54,8.89,16.4,12.27,12.27,23.72,9.55,14.17,16.32,1.93,2.39,1.43,0.96,3.92,5.49,2.7,2.79,
1001,1.88,100.44,11.08,17.52,15.57,15.57,22.36,12.38,9.97,17.53,1.67,1.95,1.37,0.58,3.74,5.35,2.12,3.23,
1001,2.92,99.85,10.45,17.14,14.63,14.63,22.8,13.44,9.35,16.98,1.55,2.0,0.67,1.33,3.37,5.32,1.13,4.19,
1001,4.08,98.9,8.91,14.53,11.78,11.78,22.22,7.08,15.14,14.54,2.58,4.73,1.41,3.32,5.12,7.62,2.72,4.91,
1001,0.0,99.07,7.46,14.58,9.1,9.1,24.09,5.37,18.71,14.53,2.97,5.13,1.6,3.53,5.8,8.68,3.52,5.16,1.2818
1001,1.77,99.65,8.12,14.82,10.34,10.35,21.28,8.17,13.11,14.89,1.84,2.67,0.89,1.78,3.64,5.34,1.9,3.45,
1001,7.52,99.52,11.9,19.6,16.55,16.54,26.7,13.35,13.35,19.65,2.18,3.2,1.02,2.18,4.31,6.42,1.64,4.78,
1001,0.14,100.14,8.85,17.07,12.09,12.09,25.05,9.47,15.58,17.03,1.7,2.1,1.15,0.96,3.4,4.96,2.05,2.9,
1001,8.03,100.3,10.74,18.53,15.1,15.1,24.96,12.94,12.02,18.55,2.75,4.15,1.93,2.22,5.57,6.59,3.98,2.61,
1001,35.46,100.1,13.72,19.75,18.85,18.85,23.77,16.35,7.42,19.74,2.47,3.13,1.68,1.45,5.07,6.75,3.6,3.15,
1001,35.65,99.7,13.35,19.6,18.2,18.2,23.79,12.65,11.14,19.52,3.7,5.87,1.32,4.55,6.76,10.47,2.86,7.61,
1001,1.26,100.32,5.52,10.67,4.67,4.69,14.7,3.91,10.79,10.8,3.79,5.62,1.62,4.0,6.95,9.16,3.79,5.37,1.0
1001,0.0,100.59,5.1,10.37,3.81,3.83,18.84,1.91,16.93,10.38,1.82,2.59,0.51,2.08,3.85,6.71,0.68,6.03,
1001,0.01,100.25,8.06,14.79,10.51,10.51,23.42,5.69,17.73,14.85,2.51,3.29,1.73,1.56,5.26,7.21,2.76,4.46,
1001,0.15,100.01,9.76,17.29,13.61,13.61,23.93,10.14,13.79,17.33,2.7,3.76,1.8,1.95,5.5,7.13,3.2,3.93,
1001,1.1,100.41,5.8,10.76,4.98,5.0,15.53,2.23,13.3,10.88,4.4,6.81,1.81,5.0,7.66,10.61,4.51,6.11,
1001,0.0,101.06,4.16,8.81,1.16,1.2,17.41,-0.48,17.89,8.51,1.83,2.98,1.16,1.82,3.39,4.71,1.69,3.02,
1001,0.06,100.83,5.93,13.54,5.95,5.96,21.04,5.94,15.11,12.56,1.99,2.67,0.93,1.74,3.87,7.04,1.27,5.78,
1001,0.36,100.77,9.52,16.14,13.19,13.19,22.22,8.9,13.32,15.72,1.96,2.56,1.2,1.36,3.63,4.87,2.73,2.14,0.929
1001,2.02,100.71,11.05,18.01,15.62,15.62,23.15,14.15,9.0,18.1,1.44,2.36,0.61,1.74,2.9,5.0,0.62,4.38,
1001,7.94,100.41,10.56,16.52,14.86,14.86,20.43,12.89,7.54,16.54,1.83,2.9,1.28,1.62,3.75,5.66,2.18,3.48,
1001,5.16,100.31,8.67,13.26,11.84,11.84,16.43,11.0,5.44,13.38,2.37,3.37,1.46,1.91,4.19,5.38,2.96,2.42,
1001,0.08,100.22,9.34,16.9,12.89,12.89,23.35,10.16,13.2,16.46,1.04,1.76,0.09,1.67,1.98,3.79,0.28,3.51,
1001,0.06,100.31,10.5,18.9,14.75,14.75,25.8,12.14,13.66,18.67,1.71,2.14,1.17,0.97,3.29,5.81,1.87,3.94,
1001,0.18,100.01,9.51,17.92,13.05,13.05,23.92,10.84,13.08,17.9,3.34,5.32,1.86,3.46,6.37,8.44,4.6,3.84,
1001,0.0,100.1,7.93,14.82,10.43,10.43,22.55,8.34,14.21,14.93,2.62,3.89,1.78,2.11,5.16,6.13,3.87,2.26,1.0
1001,0.0,100.12,8.41,18.14,11.3,11.3,28.28,8.34,19.94,17.96,1.54,2.62,0.45,2.17,3.38,7.13,0.63,6.5,
1001,1.52,99.9,11.16,19.92,15.6,15.6,26.7,13.56,13.13,19.85,2.85,4.41,1.83,2.59,5.81,7.53,2.76,4.77,
1001,0.2,99.81,7.87,15.4,10.08,10.08,20.27,8.48,11.79,15.5,3.46,5.22,1.87,3.35,6.38,8.42,3.9,4.52,
1001,0.23,99.82,6.04,13.94,6.35,6.36,21.21,5.32,15.89,13.1,2.15,3.3,0.53,2.77,3.88,5.34,0.7,4.63,
1001,2.24,99.57,7.85,16.39,10.14,10.15,22.5,11.0,11.49,15.68,1.61,2.25,0.15,2.1,3.24,5.74,0.22,5.52,
1001,3.83,98.94,10.24,18.19,13.94,13.94,25.58,12.2,13.38,18.22,4.31,5.36,2.58,2.77,7.57,8.9,5.26,3.63,
1001,0.04,99.77,7.66,14.93,9.93,9.94,20.89,10.27,10.62,15.08,3.3,4.18,1.65,2.53,6.2,7.01,4.58,2.43,1.0
1001,0.04,100.23,6.98,14.8,8.57,8.57,22.42,7.66,14.76,14.8,2.22,3.46,1.02,2.44,4.39,5.38,1.53,3.86,
1001,1.84,99.99,7.62,16.03,9.7,9.7,23.81,7.64,16.16,15.86,2.26,3.38,0.57,2.81,4.21,6.04,0.83,5.22,
1001,0.09,99.77,8.41,15.83,11.27,11.27,21.28,11.18,10.09,15.72,2.68,4.09,1.75,2.33,4.91,6.26,3.23,3.02,
1001,0.0,100.29,7.75,16.71,10.04,10.04,25.02,7.8,17.22,16.72,2.18,3.08,0.87,2.2,4.29,5.39,1.31,4.08,
1001,0.0,100.62,7.65,18.83,9.93,9.93,26.79,11.16,15.63,18.3,1.56,2.25,0.39,1.86,2.96,5.6,0.57,5.04,
1001,0.01,100.41,8.69,19.63,11.8,11.8,27.65,11.81,15.85,19.69,2.14,2.84,1.46,1.37,4.52,6.15,2.17,3.98,
1001,0.31,100.28,11.93,21.87,16.72,16.72,27.82,14.45,13.37,21.37,1.27,2.06,0.1,1.96,2.37,5.19,0.15,5.04,1.0481
1001,0.11,100.38,11.34,23.39,15.92,15.92,30.71,16.37,14.34,23.29,1.37,2.04,0.65,1.39,2.77,4.15,1.0,3.15,
1001,0.13,100.48,11.23,22.65,15.81,15.81,28.64,17.59,11.05,22.56,2.42,3.83,0.76,3.07,4.82,6.78,1.52,5.27,
1001,0.72,100.6,12.0,22.85,16.88,16.88,29.44,16.27,13.17,22.97,2.07,3.17,1.21,1.95,4.19,5.19,2.64,2.56,
1001,0.0,100.53,10.66,23.29,14.97,14.98,30.83,16.11,14.73,23.37,1.76,2.31,1.24,1.06,3.67,6.59,2.13,4.45,
1001,0.0,100.34,11.31,23.81,15.9,15.9,31.67,16.78,14.89,23.97,1.74,2.25,0.83,1.42,3.64,6.51,1.33,5.18,
1001,0.0,100.12,10.24,23.35,14.3,14.3,31.34,15.49,15.85,23.52,2.06,2.65,1.17,1.48,4.27,6.92,1.62,5.3,
1001,0.04,99.84,10.61,23.46,14.68,14.68,31.44,14.95,16.49,23.78,2.03,2.64,1.23,1.4,4.3,6.92,1.78,5.14,1.9995
1001,0.23,99.89,13.42,23.88,18.54,18.54,30.46,18.97,11.49,24.16,2.46,3.46,1.37,2.09,4.64,5.94,3.59,2.36,
1001,0.01,99.91,13.19,25.71,18.22,18.22,33.53,17.98,15.54,26.03,2.06,2.68,1.39,1.3,4.26,6.88,2.2,4.68,
1001,0.01,99.81,12.99,26.21,17.95,17.95,34.15,18.6,15.55,26.51,2.3,2.77,1.55,1.22,4.62,6.49,3.63,2.87,
1001,0.15,99.98,13.61,24.27,18.72,18.72,31.84,18.49,13.35,24.58,2.45,3.81,1.4,2.41,4.52,5.97,3.17,2.8,
1001,0.0,100.43,7.14,20.54,8.66,8.67,28.04,13.18,14.86,20.91,2.82,3.79,2.04,1.75,5.24,6.36,4.19,2.18,
1001,0.01,100.46,5.8,19.39,5.65,5.69,29.36,10.42,18.94,19.74,2.53,3.31,2.02,1.29,5.15,6.52,4.0,2.52,
1001,0.0,100.29,7.91,22.57,10.34,10.34,31.99,12.32,19.66,22.44,1.78,2.83,0.57,2.25,3.59,6.2,0.78,5.43,2.0391
1001,0.01,100.28,10.31,24.75,14.44,14.45,33.71,15.84,17.88,25.06,2.54,3.6,1.56,2.03,5.21,7.06,2.36,4.7,
1001,0.0,100.46,11.24,25.17,15.74,15.74,33.15,17.83,15.32,25.43,2.74,3.8,1.64,2.16,5.49,6.95,3.7,3.24,
1001,0.03,100.36,12.45,25.62,17.33,17.33,32.62,18.34,14.28,25.43,2.1,3.22,0.57,2.65,3.88,5.18,1.1,4.08,
1001,11.87,100.12,13.83,24.01,19.0,19.0,29.97,19.78,10.19,23.86,1.74,2.49,0.97,1.52,3.36,4.58,2.19,2.39,
1001,7.24,99.93,14.0,23.93,19.22,19.22,30.15,18.64,11.51,23.89,1.95,2.97,1.27,1.7,3.64,4.64,2.03,2.61,
1001,0.18,99.87,11.37,23.77,15.88,15.88,30.92,16.52,14.4,23.67,1.73,2.56,0.83,1.73,3.08,4.04,1.4,2.64,
1001,0.02,99.54,11.7,26.26,16.28,16.28,34.85,17.79,17.06,26.51,2.65,3.81,1.53,2.28,5.33,6.59,2.13,4.45,2.039
1001,0.15,99.46,13.21,27.27,18.13,18.13,35.25,19.99,15.26,27.58,2.77,3.75,1.81,1.94,5.4,6.52,4.02,2.51,
1001,3.0,99.64,15.47,28.2,20.72,20.72,34.95,22.42,12.53,28.32,2.48,3.79,1.3,2.48,4.57,5.97,2.35,3.62,
1001,2.63,99.85,15.7,26.71,21.02,21.02,33.28,22.89,10.39,26.93,1.87,3.26,0.88,2.37,3.95,6.2,1.74,4.46,
1001,5.8,100.0,15.38,27.81,20.7,20.7,35.38,21.22,14.16,28.03,2.11,2.71,1.49,1.22,4.24,4.87,3.78,1.09,
1001,4.37,99.7,14.4,25.43,19.37,19.37,30.78,18.09,12.7,25.55,2.92,4.24,1.56,2.67,5.73,6.93,3.86,3.07,
1001,0.0,99.81,9.6,22.43,13.31,13.3,29.96,15.85,14.12,22.8,2.73,3.95,1.77,2.18,5.37,6.14,3.73,2.42,
1001,0.02,100.15,9.8,23.22,13.68,13.68,31.81,14.94,16.87,23.58,2.19,3.39,1.66,1.73,4.4,6.2,3.22,2.97,2.0391
1001,0.03,100.48,8.56,24.12,11.55,11.56,32.81,15.43,17.38,24.3,2.03,2.78,1.4,1.38,4.02,5.97,2.64,3.33,
1001,0.01,100.55,9.39,26.64,13.05,13.05,34.94,16.45,18.49,26.3,1.04,2.03,0.19,1.84,2.14,5.95,0.37,5.58,
1001,0.02,100.52,10.34,28.03,14.46,14.47,36.12,20.03,16.09,27.45,1.48,1.9,0.87,1.02,2.42,3.67,1.32,2.35,
1001,0.18,100.23,11.71,28.18,16.3,16.31,35.66,20.69,14.97,27.92,1.59,1.98,1.05,0.93,3.02,5.15,1.55,3.6,
1001,3.54,100.02,13.76,27.03,18.92,18.92,33.41,21.25,12.16,27.41,1.49,2.15,0.12,2.03,2.85,4.71,0.27,4.43,
1001,15.5,99.94,14.72,22.66,20.03,20.03,25.1,19.89,5.2,22.75,1.89,3.28,0.85,2.43,3.6,5.23,1.3,3.93,
1001,0.38,100.31,9.17,21.02,12.37,12.38,27.64,14.91,12.72,21.39,2.79,3.6,1.82,1.78,5.19,6.51,4.0,2.51,2.0391
1001,0.0,100.52,7.82,21.46,10.28,10.29,30.42,12.15,18.27,21.57,1.82,2.81,1.14,1.67,3.5,5.72,2.08,3.64,
1001,0.03,100.5,8.9,24.09,12.19,12.19,32.96,15.24,17.72,24.37,2.09,3.12,1.19,1.94,4.39,6.52,2.06,4.46,
1001,0.0,100.51,10.38,26.53,14.52,14.52,35.24,17.58,17.66,26.9,1.71,2.29,1.21,1.09,3.62,6.59,1.78,4.81,
1001,0.01,100.5,10.71,27.48,14.95,14.95,35.61,19.76,15.85,27.65,1.65,2.27,0.34,1.93,3.31,6.17,0.47,5.7,
1001,0.0,100.52,10.35,27.98,14.5,14.5,36.18,18.89,17.29,27.95,1.47,2.11,0.06,2.06,2.83,5.42,0.14,5.28,
1001,0.05,100.46,11.19,28.63,15.65,15.65,36.9,18.65,18.25,28.66,1.69,1.98,1.25,0.73,3.21,5.14,2.27,2.87,
1001,0.84,100.29,13.52,28.34,18.69,18.69,34.95,21.81,13.14,28.81,2.06,2.72,1.51,1.2,4.08,5.54,2.76,2.78,3.0946
1001,2.71,100.24,13.79,27.71,19.02,19.02,34.55,20.95,13.6,28.14,2.21,3.37,1.33,2.05,4.37,5.37,2.77,2.6,
1001,4.44,99.94,15.22,25.75,20.54,20.54,31.54,21.23,10.32,25.94,2.25,3.12,1.06,2.06,3.94,5.6,2.36,3.24,
1001,11.25,100.09,16.34,24.25,21.74,21.74,27.51,21.33,6.18,24.33,2.26,3.54,1.34,2.2,4.38,5.69,3.05,2.63,
1001,3.95,100.5,15.77,24.9,21.24,21.24,28.85,21.15,7.71,24.98,1.52,2.23,1.01,1.22,2.93,3.77,2.25,1.52,
1001,1.4,100.59,14.94,27.34,20.36,20.35,34.01,20.8,13.21,27.7,1.81,2.62,1.26,1.36,3.65,5.44,2.08,3.36,
1001,5.63,100.61,16.33,26.96,21.81,21.81,31.71,21.83,9.88,26.92,1.39,2.04,0.69,1.35,2.53,3.73,1.15,2.58,
1001,0.57,100.42,15.12,28.4,20.5,20.5,35.23,21.83,13.41,28.59,1.61,2.45,0.92,1.53,3.0,4.4,1.51,2.89,3.0946
1001,0.22,100.21,15.15,28.58,20.48,20.48,35.13,22.13,13.0,28.97,1.99,2.69,1.3,1.4,3.89,4.95,2.81,2.14,
1001,2.37,100.13,15.76,27.17,21.17,21.17,31.62,22.54,9.08,27.36,1.74,2.52,1.08,1.45,3.36,4.5,2.6,1.9,
1001,0.05,100.15,10.97,28.46,15.08,15.08,37.39,19.95,17.44,28.49,1.65,2.05,1.14,0.91,3.2,4.6,1.8,2.8,
1001,0.15,100.16,12.16,29.42,16.87,16.87,38.34,20.45,17.89,29.81,1.59,2.54,1.05,1.49,3.28,6.23,1.45,4.78,
1001,4.43,100.24,14.98,27.91,20.3,20.3,34.15,22.66,11.49,28.05,0.96,2.39,0.12,2.27,2.1,5.4,0.1,5.3,
1001,3.36,100.26,14.03,27.26,19.29,19.29,34.42,20.77,13.66,27.76,1.42,2.44,0.78,1.66,2.93,4.84,1.06,3.78,
1001,2.19,100.24,14.16,27.65,19.32,19.32,35.88,20.14,15.74,28.27,1.43,2.11,1.11,1.0,2.98,5.2,1.69,3.51,3.0
1001,4.84,100.1,16.12,27.5,21.5,21.5,33.21,22.13,11.08,27.84,1.68,2.33,0.96,1.37,3.13,3.94,1.73,2.21,
1001,5.62,99.87,15.35,26.47,20.59,20.59,33.17,19.77,13.4,26.73,2.14,2.84,1.44,1.41,4.17,4.87,2.89,1.99,
1001,0.0,100.06,9.71,25.93,13.34,13.34,34.5,17.62,16.87,26.31,1.69,2.11,1.2,0.92,3.4,4.51,1.71,2.81,
1001,0.02,100.1,9.63,26.66,13.32,13.32,35.23,18.53,16.7,26.98,1.86,2.21,1.3,0.92,3.83,6.1,1.75,4.34,
1001,0.01,100.17,9.17,28.5,12.48,12.48,37.33,18.26,19.07,28.3,1.28,2.39,0.03,2.36,2.71,5.93,0.09,5.84,
1001,0.18,100.35,12.92,28.94,17.88,17.88,36.55,21.32,15.24,29.42,1.74,2.2,1.35,0.85,3.66,5.72,2.13,3.58,
1001,0.03,100.31,12.93,29.71,17.93,17.93,37.55,22.42,15.14,30.07,1.57,2.4,1.1,1.3,2.96,4.96,1.59,3.36,3.0
1001,0.0,100.08,12.32,29.78,17.17,17.17,37.99,21.54,16.45,30.25,1.94,2.44,1.46,0.98,3.91,5.19,2.16,3.03,
1001,0.0,99.88,11.35,30.23,15.79,15.8,38.16,22.84,15.32,30.66,2.49,3.67,1.45,2.22,4.98,6.32,2.22,4.1,
1001,0.55,99.83,13.28,30.88,18.17,18.17,39.76,24.04,15.72,31.35,2.28,2.88,1.76,1.12,4.45,6.8,3.14,3.66,
1001,0.99,100.11,13.82,30.72,18.96,18.96,39.1,22.55,16.55,31.32,1.83,2.57,1.41,1.16,3.82,5.61,2.0,3.61,
1001,1.19,100.24,14.88,31.14,20.2,20.2,38.32,24.63,13.69,31.69,1.92,2.45,1.42,1.03,3.72,5.21,2.27,2.94,
1001,0.5,100.15,15.92,30.68,21.29,21.29,37.1,24.38,12.72,31.18,1.89,2.71,1.27,1.44,3.61,4.93,2.2,2.73,
1001,0.3,99.99,15.87,31.1,21.19,21.18,37.89,24.8,13.09,31.47,1.98,2.86,1.01,1.85,3.77,4.96,1.64,3.32,3.9795
1001,0.6,99.88,14.66,31.53,19.88,19.88,38.8,24.42,14.38,32.0,1.95,2.93,1.15,1.78,3.78,4.85,2.43,2.42,
1001,1.94,99.81,15.26,31.03,20.53,20.53,38.05,24.04,14.01,31.44,1.64,2.49,0.89,1.59,3.02,3.78,1.53,2.25,
1001,0.69,99.65,13.23,31.26,18.14,18.14,39.2,24.1,15.1,31.7,2.08,3.17,1.12,2.05,4.14,6.22,1.62,4.61,
1001,1.76,99.43,12.11,30.96,16.81,16.81,39.29,22.36,16.94,31.41,2.61,3.98,1.64,2.34,5.31,6.44,2.93,3.5,
1001,0.14,99.52,11.78,31.1,16.19,16.19,39.52,23.7,15.82,31.58,2.44,3.75,1.27,2.48,4.98,6.5,2.25,4.25,
1001,0.0,100.0,8.59,29.05,11.56,11.56,38.01,20.17,17.84,29.56,1.99,2.99,0.94,2.04,4.23,5.94,1.45,4.49,
1001,0.0,100.14,10.51,30.31,14.53,14.53,38.94,20.0,18.94,30.58,2.06,3.14,1.15,1.99,3.82,5.32,1.49,3.82,4.7134
1001,1.94,99.96,14.26,32.61,19.51,19.51,39.53,24.94,14.59,32.89,2.32,3.31,1.09,2.22,4.41,6.05,1.65,4.41,
1001,4.21,99.84,14.68,31.84,19.86,19.86,40.26,24.06,16.19,32.2,1.98,2.89,1.1,1.78,3.57,4.45,2.04,2.42,
1001,1.64,99.78,12.81,29.56,17.32,17.32,37.95,23.43,14.52,30.04,1.87,2.59,0.91,1.68,3.68,5.82,2.17,3.65,
1001,0.7,99.89,11.3,29.6,15.82,15.82,37.43,22.49,14.93,30.06,1.54,2.24,0.65,1.59,3.33,4.84,1.07,3.76,
1001,2.4,99.9,11.47,28.11,15.99,15.99,34.47,22.35,12.12,28.53,1.69,2.47,0.85,1.62,3.11,4.76,1.19,3.56,
1001,0.24,99.87,11.9,27.06,16.58,16.58,34.09,20.41,13.69,27.7,2.04,2.72,1.47,1.25,3.81,4.96,2.75,2.21,
1001,1.84,99.99,12.23,27.66,17.04,17.04,34.91,20.51,14.4,28.3,1.7,2.4,1.09,1.31,3.25,5.57,1.48,4.09,5.0
1001,3.46,100.29,13.45,26.8,18.64,18.65,32.41,21.55,10.86,27.22,1.82,2.88,1.25,1.63,3.47,5.06,2.32,2.74,
1001,3.07,100.31,13.53,27.28,18.71,18.71,32.71,21.65,11.06,26.96,0.87,1.38,0.19,1.2,1.66,3.63,0.41,3.22,
1001,0.5,100.04,12.05,29.56,16.78,16.78,38.05,20.24,17.82,29.48,0.9,1.9,0.08,1.83,1.62,4.5,0.19,4.31,
1001,4.16,99.85,13.56,28.82,18.62,18.62,37.12,21.1,16.02,29.27,1.63,2.54,0.8,1.73,3.36,6.21,1.11,5.1,
1001,12.65,99.88,15.53,27.59,20.86,20.86,34.28,22.21,12.07,27.88,1.93,2.52,1.34,1.17,3.78,5.22,2.41,2.82,
1001,8.34,100.16,16.93,24.99,22.35,22.35,28.22,22.41,5.81,25.05,1.84,2.69,1.17,1.52,3.66,4.32,2.72,1.61,
1001,6.23,100.27,15.89,24.62,21.32,21.32,28.47,21.96,6.51,24.72,1.55,2.02,1.19,0.82,3.23,4.46,2.41,2.05,5.0
1001,4.36,100.13,16.16,24.86,21.58,21.58,29.27,21.81,7.46,24.95,1.46,1.78,1.09,0.69,3.15,4.99,2.31,2.68,
1001,3.62,100.23,15.65,26.31,20.99,20.99,31.49,21.57,9.93,26.18,0.82,1.5,0.16,1.34,1.68,3.2,0.37,2.84,
1001,2.29,100.28,14.54,28.17,19.85,19.85,35.6,21.73,13.87,28.22,1.1,1.65,0.44,1.2,1.96,3.0,0.76,2.24,
1001,0.03,100.17,13.07,29.94,18.13,18.13,38.01,22.49,15.52,29.33,1.11,1.83,0.63,1.2,1.77,3.28,0.85,2.42,
1001,0.26,100.18,13.6,30.23,18.71,18.71,38.52,21.88,16.64,30.55,1.59,2.58,0.87,1.72,3.32,6.3,1.18,5.12,
1001,0.14,100.38,14.9,30.36,20.2,20.2,38.26,23.02,15.24,30.86,1.7,2.84,0.94,1.9,3.35,5.55,1.65,3.9,
1001,0.23,100.4,16.67,28.78,22.11,22.11,34.24,23.43,10.81,29.1,1.38,1.98,0.93,1.05,2.87,4.17,1.75,2.42,5.0
1001,2.06,100.29,16.56,29.65,21.96,21.96,36.19,24.68,11.51,29.91,1.42,1.87,1.03,0.84,3.01,4.16,1.85,2.31,
1001,14.61,100.11,17.12,29.49,22.44,22.44,37.14,23.47,13.67,29.57,1.36,2.43,0.42,2.01,2.84,5.24,0.3,4.94,
1001,1.06,99.95,13.64,27.84,18.57,18.57,35.63,21.67,13.96,28.11,2.11,2.93,1.29,1.64,4.38,6.51,2.53,3.97,
1001,0.0,99.83,10.09,26.09,14.02,14.02,34.45,19.09,15.35,26.34,2.26,2.83,1.6,1.23,4.67,5.98,3.18,2.8,
1001,0.0,99.89,8.54,25.73,11.4,11.41,34.49,17.61,16.87,25.52,1.98,2.43,1.19,1.24,3.68,5.77,2.36,3.41,
1001,0.0,100.26,8.49,27.5,11.33,11.34,36.49,17.83,18.66,26.75,1.26,1.82,0.37,1.45,2.19,3.65,0.37,3.29,
1001,0.0,100.54,9.74,29.3,13.51,13.51,38.37,19.83,18.55,28.19,1.16,1.6,0.39,1.21,1.89,2.52,0.52,2.0,5.0
1001,0.0,100.39,10.87,31.87,15.2,15.2,40.07,23.03,17.04,30.38,1.33,1.98,0.63,1.35,2.08,3.1,0.87,2.23,
1001,0.0,100.1,12.06,32.56,16.75,16.75,41.9,23.09,18.81,32.27,1.2,1.84,0.16,1.69,2.3,4.2,0.37,3.82,
1001,0.05,100.07,12.22,32.0,16.96,16.96,41.05,23.6,17.45,32.28,2.07,3.27,1.01,2.25,4.27,5.37,1.61,3.76,
1001,1.13,100.1,13.0,30.65,17.8,17.8,38.36,23.17,15.18,30.96,2.21,3.27,1.38,1.89,4.65,6.34,2.06,4.28,
1001,0.6,100.16,9.85,29.0,13.37,13.37,38.99,19.64,19.35,29.39,1.73,2.42,0.83,1.59,3.69,5.39,1.22,4.17,
1001,0.05,100.49,13.56,28.84,18.81,18.81,36.54,22.9,13.64,29.36,2.43,3.3,1.32,1.97,4.16,5.68,2.29,3.39,
1001,0.06,100.77,11.62,27.08,16.43,16.43,34.82,20.64,14.17,27.59,2.09,2.64,1.62,1.03,4.01,5.94,2.88,3.07,5.0
1001,0.03,100.71,11.58,27.98,16.33,16.33,36.42,19.81,16.6,28.43,1.57,2.03,0.87,1.15,3.21,4.77,1.25,3.51,
1001,0.97,100.42,12.67,29.83,17.66,17.66,38.09,21.6,16.49,30.24,1.36,1.84,0.89,0.94,2.84,5.06,1.46,3.6,
1001,0.11,100.11,12.24,29.38,17.05,17.05,37.73,22.71,15.02,29.76,2.09,3.39,1.0,2.39,4.18,5.32,2.26,3.06,
1001,0.17,99.95,10.53,28.7,14.62,14.62,37.38,20.16,17.23,29.0,1.57,1.86,0.9,0.95,3.28,4.89,1.33,3.56,
1001,5.44,99.88,13.92,29.27,18.94,18.94,37.04,22.44,14.6,29.51,1.36,2.04,0.31,1.73,2.93,4.68,0.64,4.03,
1001,0.11,99.87,14.0,30.21,19.1,19.1,39.22,23.63,15.59,30.56,2.03,3.28,1.01,2.27,4.23,5.9,1.41,4.49,
1001,0.01,99.82,13.64,31.07,18.78,18.78,39.23,24.55,14.69,31.48,2.35,3.15,1.7,1.46,4.77,6.11,2.82,3.29,5.0
1001,0.01,99.76,12.04,29.54,16.76,16.76,37.24,23.42,13.82,30.05,2.08,2.95,1.49,1.45,4.26,5.85,3.03,2.82,
1001,3.49,99.67,13.08,28.12,18.05,18.06,36.06,21.76,14.3,28.53,1.44,2.3,0.86,1.44,3.02,5.38,1.45,3.93,
1001,18.12,99.79,16.31,27.02,21.65,21.65,33.6,22.29,11.31,27.23,1.03,1.82,0.14,1.68,2.18,3.79,0.15,3.64,
1001,1.36,99.66,15.43,27.29,20.73,20.73,34.0,21.72,12.28,27.45,1.41,1.96,0.72,1.23,2.51,3.19,1.26,1.93,
1001,0.24,99.54,14.62,28.19,19.83,19.83,35.43,21.7,13.73,28.33,1.7,2.5,0.69,1.81,3.27,4.89,1.03,3.86,
1001,0.64,99.6,14.33,29.02,19.47,19.47,37.1,22.24,14.86,29.28,1.97,2.82,1.08,1.74,4.01,5.85,2.14,3.72,
1001,3.53,99.76,13.92,27.42,19.1,19.1,33.64,22.42,11.22,27.68,2.79,4.14,1.65,2.49,5.21,7.43,4.02,3.41,5.0
1001,6.72,100.18,11.93,20.66,16.75,16.75,23.72,17.3,6.42,20.74,4.21,4.75,3.5,1.24,7.09,7.66,6.32,1.34,
1001,6.29,100.27,12.74,20.65,17.77,17.77,25.35,16.92,8.43,20.77,3.53,4.65,2.51,2.14,6.06,7.41,4.82,2.6,
1001,0.3,100.21,15.01,24.73,20.38,20.39,30.04,19.97,10.07,24.89,2.17,3.24,1.06,2.18,4.02,5.14,2.35,2.79,
1001,0.07,100.21,14.04,26.6,19.29,19.29,32.84,22.13,10.71,26.79,2.39,3.54,1.65,1.89,4.64,5.71,3.68,2.03,
1001,0.53,100.22,12.89,26.16,17.94,17.94,33.34,21.11,12.23,26.32,1.82,2.83,1.06,1.77,3.68,5.53,1.75,3.78,
1001,0.25,100.13,12.08,26.5,16.91,16.91,34.47,19.57,14.89,26.79,2.07,2.93,1.51,1.43,4.31,6.19,2.88,3.31,
1001,1.31,100.06,14.01,26.16,19.22,19.22,32.21,20.36,11.85,26.47,1.27,1.93,0.23,1.7,2.8,4.82,0.36,4.46,5.0
1001,3.19,99.98,15.85,26.76,21.22,21.22,32.84,22.11,10.73,26.92,1.16,1.44,0.99,0.45,2.47,3.66,1.47,2.19,
1001,1.22,99.81,12.6,26.97,17.35,17.35,35.26,20.35,14.91,27.18,1.4,1.91,0.45,1.46,3.16,5.19,0.68,4.51,
1001,0.06,99.75,7.89,23.77,9.68,9.7,32.23,16.58,15.65,23.94,2.71,3.85,1.64,2.21,5.56,7.22,4.36,2.86,
1001,0.0,100.05,5.45,20.23,4.83,4.87,29.44,12.73,16.7,20.53,2.47,3.02,2.01,1.01,4.95,6.75,3.47,3.28,
1001,0.0,100.2,6.03,19.63,6.43,6.44,29.26,11.68,17.59,19.9,2.61,4.03,1.84,2.19,5.18,6.58,3.93,2.65,
1001,0.0,100.07,5.7,21.67,5.51,5.54,31.46,11.34,20.12,20.48,1.78,2.99,0.38,2.6,3.37,5.56,0.53,5.03,
1001,0.01,100.1,8.08,23.18,10.18,10.19,33.27,12.94,20.33,23.25,2.0,2.6,0.57,2.03,4.03,6.72,0.73,5.99,5.0
1001,1.13,99.96,15.04,26.32,20.39,20.39,33.0,20.97,12.03,26.53,2.37,3.45,1.44,2.02,4.71,5.69,3.44,2.24,
1001,8.14,99.9,17.16,24.82,22.52,22.52,28.67,22.2,6.47,24.88,1.13,1.55,0.53,1.02,2.6,4.07,0.95,3.12,
1001,5.25,99.86,16.29,25.01,21.65,21.65,30.44,21.7,8.74,25.13,1.6,3.0,0.51,2.49,3.12,4.8,1.3,3.5,
1001,2.42,99.96,16.29,26.88,21.64,21.64,34.25,20.7,13.56,27.03,1.73,2.64,0.64,2.01,3.64,5.16,1.6,3.56,
1001,1.15,99.77,16.24,27.86,21.53,21.53,34.33,22.66,11.66,28.01,1.99,2.8,1.32,1.48,4.13,5.57,2.99,2.58,
1001,2.93,99.63,13.58,23.94,17.8,17.8,31.41,13.41,18.0,24.02,3.71,5.45,2.1,3.35,6.48,8.5,3.91,4.59,
1001,0.0,100.32,5.6,16.12,5.44,5.46,24.36,11.13,13.23,16.46,3.21,3.97,2.09,1.88,5.86,6.38,5.3,1.08,4.7207
1001,0.0,100.53,6.02,17.77,6.45,6.47,28.56,9.36,19.2,18.01,2.06,2.97,1.72,1.25,4.31,6.24,2.47,3.77,
1001,0.0,100.46,6.06,19.01,6.44,6.46,29.45,9.98,19.47,19.26,2.17,2.88,1.35,1.53,4.66,6.93,1.76,5.17,
1001,0.0,100.52,6.39,19.34,7.3,7.31,28.88,11.5,17.38,19.54,2.58,4.07,1.84,2.23,5.29,7.27,2.59,4.68,
1001,0.01,100.37,9.51,21.6,13.21,13.21,30.42,14.45,15.97,21.88,2.64,3.54,1.96,1.58,5.12,6.58,4.14,2.43,
1001,0.0,100.17,9.5,22.52,13.1,13.1,31.18,16.19,14.99,22.53,1.92,2.85,0.89,1.96,3.84,5.97,1.47,4.51,
1001,0.0,100.17,8.8,22.22,12.0,12.0,32.36,13.69,18.67,22.47,1.34,2.34,0.53,1.81,3.04,5.87,0.64,5.22,
1001,0.0,100.2,8.86,22.64,12.12,12.13,32.99,14.47,18.52,22.72,1.65,2.44,0.53,1.9,3.48,6.35,0.63,5.72,4.7207
1001,0.0,100.13,7.97,22.58,10.4,10.4,32.32,14.45,17.87,21.67,1.29,2.09,0.48,1.61,2.18,4.21,0.78,3.43,
1001,0.71,100.06,8.45,24.05,11.19,11.19,33.1,15.85,17.25,23.05,1.65,2.24,0.48,1.75,3.04,5.78,0.83,4.95,
1001,22.25,100.15,13.4,21.66,18.09,18.09,27.09,14.14,12.95,21.65,2.66,3.73,1.51,2.23,5.02,6.65,3.34,3.32,
1001,0.0,100.85,4.16,14.66,0.74,0.85,22.19,9.25,12.94,14.93,3.83,4.76,2.93,1.84,6.39,7.4,5.45,1.95,
1001,0.0,101.26,2.4,9.4,-5.83,-5.56,15.16,4.73,10.43,9.68,4.33,5.55,3.32,2.23,7.35,8.67,5.78,2.89,
1001,0.0,101.39,3.09,9.44,-2.71,-2.56,16.85,3.84,13.01,9.7,2.95,3.9,1.82,2.08,5.63,6.6,4.58,2.02,
1001,0.0,101.2,3.54,11.73,-0.95,-0.85,21.22,2.4,18.82,10.82,1.79,2.57,1.06,1.51,3.18,4.83,1.97,2.86,4.7206
1001,0.0,101.11,3.61,13.73,-0.91,-0.77,26.06,3.79,22.27,13.58,2.27,2.82,1.41,1.41,4.73,6.14,2.11,4.04,
1001,0.02,101.07,4.14,15.28,1.0,1.11,28.08,5.33,22.75,15.21,2.05,2.89,0.73,2.16,4.43,6.52,1.0,5.53,
1001,0.84,100.98,4.78,16.44,3.07,3.13,27.86,6.01,21.84,15.18,1.53,2.72,0.87,1.85,3.03,5.66,1.1,4.55,
1001,0.0,100.79,4.46,18.7,2.14,2.22,29.44,7.32,22.12,16.41,1.25,2.21,0.02,2.19,2.32,5.93,0.08,5.85,
1001,0.0,100.57,5.14,20.4,4.03,4.07,29.08,12.81,16.28,17.2,1.2,1.89,0.36,1.53,1.76,2.83,0.47,2.36,
1001,0.0,100.41,7.46,19.96,9.5,9.5,28.49,11.8,16.69,19.08,1.56,2.4,0.54,1.86,2.77,4.42,0.86,3.55,
1001,0.0,100.31,8.85,20.78,12.08,12.09,28.81,14.69,14.12,20.38,1.32,1.84,0.22,1.63,2.62,4.58,0.26,4.32,5.0
1001,0.04,100.34,8.93,20.44,12.26,12.27,29.13,13.93,15.2,20.6,1.94,2.53,1.46,1.07,4.01,6.08,2.03,4.05,
1001,0.11,100.46,8.56,18.45,11.54,11.54,24.3,13.05,11.25,18.42,1.56,1.93,0.86,1.07,3.5,5.31,1.51,3.79,
1001,0.07,100.56,9.62,20.98,13.44,13.44,29.39,13.91,15.48,21.15,2.22,3.19,1.66,1.53,4.65,6.15,2.55,3.6,
1001,0.73,100.68,9.53,20.96,13.3,13.3,28.52,16.4,12.12,21.1,2.03,2.58,1.54,1.04,4.3,6.44,2.61,3.83,
1001,0.0,101.07,8.98,20.99,12.5,12.5,29.67,15.49,14.17,21.06,2.01,2.78,1.51,1.27,4.16,5.25,2.31,2.94,
1001,0.0,101.38,8.54,21.2,11.8,11.8,30.2,15.16,15.04,21.28,2.09,2.82,1.61,1.21,4.58,6.23,2.78,3.45,
1001,0.0,101.21,8.1,20.44,10.88,10.89,28.84,13.53,15.31,20.09,1.92,2.39,1.46,0.93,3.68,5.24,2.12,3.12,5.0
1001,0.01,100.68,8.91,21.53,12.31,12.31,30.35,15.02,15.33,20.8,1.36,2.04,0.47,1.57,2.49,5.16,0.81,4.35,
1001,0.1,100.57,8.17,20.09,10.99,10.99,28.48,13.62,14.86,19.78,1.81,2.56,1.2,1.36,3.5,4.74,2.28,2.46,
1001,0.04,100.54,8.33,20.68,11.27,11.28,29.6,13.86,15.75,19.85,1.7,2.23,0.75,1.49,2.83,4.35,1.26,3.09,
1001,0.0,100.54,8.51,21.48,11.58,11.59,30.94,14.08,16.87,21.49,1.84,2.22,0.65,1.58,3.9,5.24,0.9,4.33,
1001,0.0,100.58,8.42,21.93,11.4,11.4,30.9,15.67,15.23,21.9,1.76,2.63,0.93,1.7,3.78,5.76,1.3,4.46,
1001,0.0,100.62,8.45,22.13,11.51,11.52,30.72,13.77,16.96,21.15,1.15,1.85,0.29,1.56,2.26,5.03,0.42,4.61,
1001,0.0,100.52,8.67,23.14,11.87,11.88,31.29,17.05,14.24,21.41,1.18,1.87,0.06,1.81,1.8,2.93,0.07,2.86,5.0
1001,0.0,100.41,8.64,22.93,11.83,11.83,30.95,14.83,16.12,21.82,1.07,1.96,0.15,1.81,1.94,4.04,0.19,3.85,
1001,0.0,100.47,9.56,21.84,13.35,13.35,29.6,15.79,13.81,21.52,1.6,2.02,0.82,1.19,2.82,4.18,1.35,2.83,
1001,0.09,100.5,10.17,22.35,14.31,14.31,30.4,15.77,14.63,22.15,1.54,2.04,1.24,0.8,3.05,4.27,2.09,2.18,
1001,1.28,100.15,10.27,20.91,14.39,14.39,28.48,16.13,12.34,21.12,1.61,2.66,0.63,2.03,3.18,4.6,0.92,3.69,
1001,1.26,99.85,10.3,17.55,14.39,14.39,22.15,14.89,7.26,17.68,1.7,2.4,1.14,1.25,3.25,4.73,2.18,2.55,
1001,9.58,99.47,12.19,18.82,16.91,16.91,23.93,15.75,8.18,18.82,3.92,4.97,2.57,2.4,7.04,8.55,4.95,3.6,
1001,18.6,99.68,15.36,22.62,20.67,20.67,27.92,19.61,8.31,22.59,2.51,3.58,1.54,2.03,4.92,6.94,3.31,3.64,4.0
1001,36.4,99.67,15.04,21.61,20.34,20.34,26.34,19.11,7.23,21.59,3.14,4.37,1.84,2.54,5.9,8.08,3.74,4.33,
1001,25.87,99.2,11.35,17.75,14.62,14.62,22.74,7.66,15.09,17.63,3.94,4.94,2.15,2.79,7.24,9.0,4.76,4.24,
1001,0.01,100.21,5.1,8.61,4.05,4.06,15.61,4.07,11.54,8.76,2.47,3.08,1.92,1.15,4.7,5.76,4.09,1.66,
1001,0.0,100.32,4.72,7.33,2.87,2.88,16.15,0.61,15.54,7.2,1.8,2.32,1.15,1.17,3.32,4.79,1.66,3.13,
1001,0.0,100.15,5.55,9.96,5.25,5.25,18.83,3.18,15.65,9.71,1.48,2.38,0.42,1.96,3.26,5.53,0.57,4.96,
1001,0.58,100.09,7.09,10.82,8.72,8.73,15.18,6.69,8.48,10.83,1.44,2.5,0.52,1.97,3.18,5.44,0.76,4.68,
1001,0.01,100.52,3.77,6.16,-0.38,-0.32,12.61,1.2,11.41,6.23,2.74,3.68,1.83,1.85,5.33,6.13,3.98,2.15,4.0
1001,0.06,100.58,3.75,6.1,-0.2,-0.16,13.91,-2.0,15.92,5.48,1.23,1.8,0.35,1.46,2.55,4.64,0.46,4.17,
1001,24.63,100.08,6.08,7.98,6.39,6.39,10.11,5.39,4.72,7.94,1.71,3.05,0.33,2.72,3.33,4.92,0.75,4.17,
1001,3.68,100.45,5.37,7.02,4.62,4.62,10.23,2.57,7.66,7.03,2.29,3.37,1.1,2.26,4.32,5.41,2.8,2.61,
1001,20.04,100.89,3.83,2.26,0.14,0.15,4.09,0.97,3.11,2.4,1.6,2.26,0.99,1.28,2.64,3.32,1.47,1.85,
1001,15.03,100.63,4.34,2.53,1.86,1.86,6.68,-0.18,6.86,1.57,1.86,2.31,1.05,1.25,3.08,3.93,1.63,2.3,
1001,0.09,101.12,4.0,3.77,0.79,0.81,11.01,-0.59,11.6,3.74,2.2,3.37,1.32,2.05,4.31,6.83,1.97,4.86,
1001,0.0,101.6,2.44,0.32,-5.65,-5.53,6.63,-4.26,10.89,-0.34,2.51,3.53,1.74,1.8,4.55,5.95,3.11,2.85,4.0
1001,0.02,101.4,3.28,3.25,-2.35,-2.28,12.12,-4.11,16.23,2.74,1.65,2.28,0.11,2.17,3.39,5.93,0.09,5.84,
1001,0.29,100.96,4.4,6.24,2.09,2.1,14.06,2.41,11.65,6.06,1.61,2.33,0.89,1.43,3.4,6.16,1.43,4.73,
1001,23.53,99.92,6.76,9.63,7.58,7.59,13.96,4.98,8.99,9.55,4.56,8.19,1.98,6.21,8.16,14.04,4.8,9.24,
1001,1.76,99.66,7.71,11.28,9.97,9.97,14.69,7.05,7.64,11.21,2.23,3.57,1.6,1.97,4.7,5.73,3.42,2.3,
1001,0.26,100.14,5.94,8.5,6.26,6.27,14.91,3.99,10.92,8.48,2.07,3.29,1.18,2.11,4.38,5.74,1.59,4.15,
1001,0.07,100.4,5.1,7.55,4.09,4.1,15.4,2.56,12.85,7.16,2.02,2.6,1.22,1.38,3.76,5.09,2.04,3.05,
1001,0.01,100.67,5.66,9.34,5.49,5.5,17.69,3.99,13.7,8.16,1.64,2.11,0.8,1.31,3.11,5.02,1.08,3.94,3.0
1001,0.45,100.78,6.61,9.19,7.71,7.71,15.31,3.06,12.25,9.07,1.95,2.59,1.51,1.08,4.02,5.33,2.29,3.04,
1001,0.0,100.97,3.77,4.48,-0.07,-0.04,12.6,-0.95,13.55,4.26,2.06,2.52,1.43,1.09,4.09,5.35,2.78,2.57,
1001,0.05,100.8,3.97,7.19,0.52,0.55,14.7,-1.94,16.64,6.24,1.03,2.01,0.08,1.94,2.16,5.3,0.1,5.19,
1001,0.16,100.8,5.65,9.04,5.58,5.59,13.21,4.71,8.49,8.8,1.63,3.48,0.53,2.95,2.93,6.13,0.91,5.22,
1001,0.0,101.43,3.31,2.51,-1.78,-1.74,7.94,-1.85,9.79,2.62,2.9,3.84,1.73,2.11,5.3,6.57,3.81,2.76,
1001,0.0,101.46,3.16,2.46,-2.35,-2.3,10.22,-2.17,12.39,2.0,1.57,2.47,0.39,2.07,2.64,4.45,0.56,3.89,
1001,0.0,101.11,3.67,2.78,-0.42,-0.41,11.87,-3.68,15.55,2.58,2.0,2.5,0.95,1.56,4.04,5.18,1.26,3.91,3.0
1001,0.01,100.65,3.81,4.5,0.06,0.08,10.97,-1.18,12.14,3.05,1.05,1.71,0.17,1.54,2.08,4.44,0.18,4.26,
1001,0.0,100.44,4.18,4.97,1.14,1.15,13.28,-2.37,15.65,4.18,1.71,2.5,0.22,2.28,3.25,4.93,0.42,4.51,
1001,0.15,100.51,6.07,8.2,6.55,6.55,13.15,2.25,10.89,7.84,1.3,2.03,0.56,1.47,2.72,4.44,1.17,3.27,
1001,0.62,100.53,6.61,9.72,7.79,7.79,14.78,6.83,7.95,9.73,1.83,2.24,1.44,0.8,3.48,4.85,2.04,2.81,
1001,0.36,100.56,7.04,9.73,8.77,8.77,14.37,6.91,7.45,9.81,1.54,2.09,0.88,1.21,2.99,4.29,1.07,3.22,
1001,0.53,100.28,8.01,12.2,10.5,10.5,18.06,7.29,10.77,12.22,2.19,3.03,1.34,1.7,4.41,6.39,2.72,3.66,
1001,0.67,101.07,2.93,3.21,-4.11,-3.97,11.17,-0.63,11.81,3.27,3.18,4.69,1.77,2.92,5.29,7.46,3.53,3.94,3.0
1001,11.64,100.74,5.39,6.24,3.75,3.76,12.09,-1.14,13.23,6.3,3.38,4.82,1.23,3.59,5.9,8.39,2.68,5.71,
1001,8.38,101.08,5.9,7.17,6.0,6.0,11.64,1.15,10.49,7.05,1.93,2.53,0.39,2.13,3.63,5.25,1.11,4.14,
1001,6.07,100.95,5.66,6.26,5.18,5.19,11.53,0.2,11.34,6.43,1.96,3.13,1.2,1.92,3.46,6.11,1.69,4.41,
1001,10.81,99.79,10.34,15.54,13.83,13.83,23.11,5.88,17.23,15.42,4.58,6.28,2.73,3.55,8.2,10.57,5.46,5.12,
1001,0.56,100.79,1.89,-2.19,-9.31,-8.98,4.43,-6.15,10.58,-2.08,3.69,6.61,1.33,5.28,6.36,10.94,2.83,8.1,
1001,3.47,100.62,2.88,0.27,-4.22,-4.13,6.68,-6.11,12.79,0.34,1.48,2.63,0.85,1.78,2.88,5.54,1.65,3.88,
1001,1.01,100.66,2.1,-3.25,-8.17,-7.93,0.95,-7.32,8.27,-3.23,3.54,4.96,1.94,3.03,6.04,7.74,3.68,4.06,3.0
1001,0.0,100.89,1.83,-3.74,-9.26,-9.05,2.62,-7.8,10.42,-3.74,1.48,2.17,0.32,1.85,2.78,5.09,0.49,4.6,
1001,9.54,100.88,3.07,-1.21,-2.96,-2.93,1.37,-4.84,6.21,-1.29,1.83,3.18,0.59,2.59,3.44,5.62,0.75,4.87,
1001,0.0,101.45,2.06,-3.68,-7.64,-7.53,2.31,-7.11,9.42,-4.19,2.47,3.33,1.74,1.59,4.47,5.8,3.7,2.1,
1001,0.0,101.45,2.42,-1.8,-5.94,-5.86,5.75,-7.1,12.86,-2.22,1.99,2.91,1.2,1.71,3.95,5.97,2.18,3.79,
1001,0.05,101.42,3.39,1.43,-1.56,-1.53,9.03,-2.64,11.68,1.07,1.74,2.81,0.75,2.06,3.67,6.64,0.97,5.67,
1001,0.07,101.56,3.1,1.25,-2.67,-2.62,8.61,-3.23,11.84,1.18,2.33,2.78,1.57,1.21,4.84,6.69,3.32,3.37,
1001,0.81,101.4,3.1,2.66,-2.74,-2.67,8.37,-0.58,8.94,2.67,2.29,3.52,1.6,1.92,4.61,6.05,3.1,2.96,3.0
1001,17.13,100.49,4.43,2.52,2.03,2.03,4.66,-0.48,5.15,2.52,1.65,2.1,1.04,1.06,3.02,4.22,1.85,2.37,
1001,39.14,99.74,4.44,2.49,1.93,1.93,5.22,-2.83,8.06,2.4,2.96,4.29,1.79,2.5,5.11,6.6,3.31,3.29,
1001,0.11,100.23,2.86,-0.05,-3.88,-3.83,6.09,-4.1,10.2,0.01,3.03,4.78,1.39,3.39,5.16,8.26,2.53,5.73,
1001,0.01,100.78,1.69,-3.95,-10.04,-9.79,-0.15,-6.79,6.64,-3.84,3.27,4.64,1.54,3.09,5.71,7.82,3.44,4.38,
1001,0.01,101.16,2.36,-1.86,-6.1,-6.02,3.61,-5.74,9.34,-1.99,1.62,2.34,0.89,1.45,2.82,3.84,1.41,2.43,
